direction,word,doc_freq_total,neg_docs_with_word,pos_docs_with_word,neg_rate_pct,pos_rate_pct,odds_ratio_neg_vs_pos,log2_odds_neg_vs_pos,chi_square_df1,p_value_fdr_bh,significant_5pct
negative-leaning,bad,474,249,225,17.09,2.7,7.424,2.892,557.372,8.357286478897958e-120,True
negative-leaning,refund,61,55,6,3.77,0.07,50.698,5.664,274.615,1.492671106698323e-58,True
negative-leaning,needs,192,105,87,7.21,1.04,7.352,2.878,244.953,2.9079619041380122e-52,True
negative-leaning,boring,154,91,63,6.25,0.76,8.721,3.125,241.391,1.3041154886121542e-51,True
negative-leaning,waste,89,63,26,4.32,0.31,14.275,3.835,221.588,2.1722259578336435e-47,True
negative-leaning,unplayable,34,34,0,2.33,0.0,403.942,8.658,195.133,1.070538846089274e-41,True
negative-leaning,awful,48,41,7,2.81,0.08,32.526,5.024,189.443,1.6019194059604314e-40,True
negative-leaning,tried,149,81,68,5.56,0.82,7.144,2.837,186.167,7.274019307625587e-40,True
negative-leaning,poorly,45,38,7,2.61,0.08,30.111,4.912,172.687,5.673360248929786e-37,True
negative-leaning,positive,123,67,56,4.6,0.67,7.112,2.83,154.117,5.822022793119935e-33,True
negative-leaning,price,467,162,305,11.12,3.66,3.296,1.721,151.874,1.6358420558983173e-32,True
negative-leaning,trash,64,44,20,3.02,0.24,12.767,3.674,147.566,1.3113155470077385e-31,True
negative-leaning,terrible,53,39,14,2.68,0.17,15.977,3.998,144.96,4.49316201920842e-31,True
negative-leaning,felt,314,121,193,8.3,2.32,3.825,1.935,143.267,9.786158773679434e-31,True
negative-leaning,happening,76,48,28,3.29,0.34,10.028,3.326,140.914,2.986396892925882e-30,True
negative-leaning,unless,80,49,31,3.36,0.37,9.263,3.211,136.894,2.119344656270986e-29,True
negative-leaning,sadly,53,38,15,2.61,0.18,14.556,3.864,135.792,3.4754745838677835e-29,True
negative-leaning,either,205,89,116,6.11,1.39,4.613,2.206,134.56,5.951826641464813e-29,True
negative-leaning,sorry,73,46,27,3.16,0.32,9.951,3.315,134.503,5.951826641464813e-29,True
negative-leaning,idea,239,98,141,6.73,1.69,4.195,2.069,131.959,2.036534104902943e-28,True
negative-leaning,dudes,25,24,1,1.65,0.01,94.941,6.569,130.192,4.7230534194372745e-28,True
negative-leaning,generally,72,45,27,3.09,0.32,9.73,3.282,129.83,5.409580285047438e-28,True
negative-leaning,repetitive,162,75,87,5.15,1.04,5.147,2.364,128.323,1.1053935940604905e-27,True
negative-leaning,pay,89,51,38,3.5,0.46,7.889,2.98,127.591,1.5323742209610484e-27,True
negative-leaning,toilet,22,22,0,1.51,0.0,261.238,8.029,126.108,3.10581484964187e-27,True
negative-leaning,reason,144,69,75,4.74,0.9,5.475,2.453,125.901,3.314630857816782e-27,True
negative-leaning,point,466,153,313,10.5,3.76,3.01,1.59,124.453,6.621924414031356e-27,True
negative-leaning,currency,38,30,8,2.06,0.1,20.927,4.387,123.599,9.815515075841737e-27,True
negative-leaning,sure,401,137,264,9.4,3.17,3.177,1.668,122.721,1.4755381082967818e-26,True
negative-leaning,streamed,21,21,0,1.44,0.0,249.454,7.963,120.363,4.530225504823318e-26,True
negative-leaning,shit,21,21,0,1.44,0.0,249.454,7.963,120.363,4.530225504823318e-26,True
negative-leaning,refunded,25,23,2,1.58,0.02,54.595,5.771,117.669,1.7072725351922942e-25,True
negative-leaning,mana,29,25,4,1.72,0.05,32.95,5.042,116.806,2.5569607696349185e-25,True
negative-leaning,until,272,103,169,7.07,2.03,3.681,1.88,116.682,2.642477534004545e-25,True
negative-leaning,cannot,137,65,72,4.46,0.86,5.36,2.422,116.302,3.1091717551798973e-25,True
negative-leaning,yusano,20,20,0,1.37,0.0,237.686,7.893,114.62,6.353449491209977e-25,True
negative-leaning,atri,20,20,0,1.37,0.0,237.686,7.893,114.62,6.353449491209977e-25,True
negative-leaning,templates,20,20,0,1.37,0.0,237.686,7.893,114.62,6.353449491209977e-25,True
negative-leaning,poc,20,20,0,1.37,0.0,237.686,7.893,114.62,6.353449491209977e-25,True
negative-leaning,ginka,20,20,0,1.37,0.0,237.686,7.893,114.62,6.353449491209977e-25,True
positive-leaning,great,1423,103,1320,7.07,15.84,0.406,-1.301,76.807,4.787436605206552e-17,True
positive-leaning,amazing,456,20,436,1.37,5.23,0.258,-1.954,41.599,1.3832677745763547e-09,True
positive-leaning,fun,2295,251,2044,17.23,24.53,0.641,-0.641,36.843,1.3336879384266967e-08,True
positive-leaning,unique,380,19,361,1.3,4.33,0.299,-1.742,30.48,2.9195565619120625e-07,True
positive-leaning,highly,294,11,283,0.75,3.4,0.226,-2.147,29.699,4.3113366342456264e-07,True
positive-leaning,soundtrack,262,10,252,0.69,3.02,0.232,-2.107,26.022,2.5807420926013734e-06,True
positive-leaning,fantastic,183,3,180,0.21,2.16,0.109,-3.202,25.819,2.816371282330558e-06,True
positive-leaning,addictive,149,1,148,0.07,1.78,0.057,-4.139,24.123,6.308507971146619e-06,True
positive-leaning,relaxing,221,8,213,0.55,2.56,0.223,-2.165,22.641,1.2887326558652593e-05,True
positive-leaning,love,1119,114,1005,7.82,12.06,0.621,-0.687,21.983,1.7926886142764057e-05,True
positive-leaning,forward,205,8,197,0.55,2.36,0.242,-2.049,19.928,4.917373249982211e-05,True
positive-leaning,loved,239,12,227,0.82,2.72,0.308,-1.698,18.808,8.325870642000831e-05,True
positive-leaning,racing,161,5,156,0.34,1.87,0.198,-2.337,17.922,0.00012700363851843587,True
positive-leaning,excellent,178,7,171,0.48,2.05,0.246,-2.023,17.16,0.00018542932292483415,True
positive-leaning,awesome,249,15,234,1.03,2.81,0.371,-1.43,15.827,0.0003592323670339504,True
positive-leaning,charming,220,12,208,0.82,2.5,0.337,-1.569,15.792,0.0003652962147519424,True
positive-leaning,perfect,321,23,298,1.58,3.58,0.441,-1.181,15.604,0.0004019272181234018,True
positive-leaning,favorite,237,14,223,0.96,2.68,0.365,-1.456,15.445,0.0004339663503918783,True
positive-leaning,chill,178,8,170,0.55,2.04,0.281,-1.833,15.444,0.0004339663503918783,True
positive-leaning,arcade,146,5,141,0.34,1.69,0.219,-2.189,15.36,0.00045204862707840486,True
positive-leaning,challenging,285,20,265,1.37,3.18,0.433,-1.206,14.334,0.0007486890491268371,True
positive-leaning,offers,114,3,111,0.21,1.33,0.177,-2.494,13.666,0.0010453043694116117,True
positive-leaning,sessions,77,0,77,0.0,0.92,0.037,-4.774,13.57,0.0010892254770176774,True
positive-leaning,satisfying,196,11,185,0.75,2.22,0.349,-1.518,13.568,0.0010892254770176774,True
positive-leaning,brain,113,3,110,0.21,1.32,0.179,-2.481,13.493,0.0011298241789616146,True
positive-leaning,masterpiece,88,1,87,0.07,1.04,0.097,-3.365,13.246,0.0012846598347678703,True
positive-leaning,rewarding,133,5,128,0.34,1.54,0.242,-2.048,13.169,0.0013335956053083843,True
positive-leaning,peak,132,5,127,0.34,1.52,0.244,-2.037,13.002,0.0014407816144040896,True
positive-leaning,easy,607,60,547,4.12,6.56,0.616,-0.7,12.76,0.0016080821944965986,True
positive-leaning,traditional,84,1,83,0.07,1.0,0.102,-3.297,12.539,0.0018020516950653987,True
positive-leaning,unlike,96,2,94,0.14,1.13,0.15,-2.739,12.538,0.0018020516950653987,True
positive-leaning,delivers,70,0,70,0.0,0.84,0.04,-4.636,12.327,0.0019999475441028437,True
positive-leaning,bullet,106,3,103,0.21,1.24,0.191,-2.386,12.288,0.0020392185823142318,True
positive-leaning,writing,270,20,250,1.37,3.0,0.46,-1.12,12.248,0.002076881499162547,True
positive-leaning,lore,82,1,81,0.07,0.97,0.104,-3.261,12.186,0.0021357706324318963,True
positive-leaning,solid,241,17,224,1.17,2.69,0.439,-1.188,11.954,0.002395006190673107,True
positive-leaning,helps,92,2,90,0.14,1.08,0.156,-2.676,11.841,0.0025364069326548524,True
positive-leaning,colorful,80,1,79,0.07,0.95,0.107,-3.225,11.833,0.002542595043378255,True
positive-leaning,best,606,61,545,4.19,6.54,0.629,-0.669,11.83,0.00254271624784384,True
positive-leaning,tracks,103,3,100,0.21,1.2,0.197,-2.343,11.774,0.0025997805430126655,True
